company,yearsAgree,confidence,yearFounded,yearFounded2,link1,link2
Upbit,1.0,2.0,2017.0,2017.0,https://en.wikipedia.org/wiki/Upbit,https://www.linkedin.com/company/upbit
Tux-Exchange,1.0,2.0,2016.0,2016.0,https://coinpedia.org/exchange/tuxexchange/,https://tuxexchange.com/about
Tradeogre,1.0,2.0,2018.0,2018.0,https://www.coingecko.com/en/exchanges/trade_ogre,https://www.coingecko.com/en/exchanges/trade_ogre
Trade-Satoshi,1.0,2.0,2015.0,2015.0,https://www.linkedin.com/company/tradesatoshi/,https://www.linkedin.com/company/tradesatoshi/
Tidebit,1.0,2.0,2017.0,2017.0,https://www.crunchbase.com/organization/tidebit,https://www.linkedin.com/company/tidebit/
Stex,1.0,2.0,2017.0,2017.0,https://foundico.com/exchange/stex.html,https://www.facebook.com/pg/stex.exchanger/about/?ref=page_internal
Stellarport,1.0,2.0,2018.0,2018.0,https://www.finder.com/stellarport-exchange-review,https://www.finder.com/stellarport-exchange-review
Radar-Relay,1.0,2.0,2017.0,2017.0,https://www.crunchbase.com/organization/radar-relay,https://www.crunchbase.com/organization/radar-relay#section-overview
Quadrigacx,1.0,2.0,2013.0,2013.0,https://coinmarketcap.com/historical/,https://www.bestbitcoinexchange.io/exchanges/quadrigacx-crypto-exchanges/
Poloniex,1.0,2.0,2014.0,2014.0,https://poloniex.com/media-kit,https://www.google.com/search?ei=8LArXKGlAaq1ggerkrWABg&q=poloniex+founding+date&oq=poloniex+founding+date&gs_l=psy-ab.3...35719.37388..37631...0.0..0.297.1611.0j2j5......0....1..gws-wiz.......0i71j0i7i30.I4i0XXJh700
Paymium,1.0,2.0,2011.0,2011.0,https://www.paymium.com/page/company/about,https://www.paymium.com/page/company/about
Paribu,1.0,2.0,2015.0,2015.0,https://www.linkedin.com/company/paribu/,https://www.linkedin.com/company/paribu/
Ovis,1.0,2.0,2018.0,2018.0,https://www.linkedin.com/company/ovi%CC%87s/,https://www.linkedin.com/company/ovi%CC%87s
Openledger,1.0,2.0,2014.0,2014.0,https://openledger.info/about-us/,https://openledger.info/about-us/
Okex,1.0,2.0,2014.0,2014.0,https://bitcoinmagazine.com/articles/okex-founder-released-after-questioning-connection-suspected-coin-fraud/,https://coinmarketcap.com/rankings/exchanges/
Okcoin,1.0,2.0,2013.0,2013.0,https://www.okcoin.com/pages/company/about.html,https://www.okcoin.com/pages/company/about.html
Nocks,1.0,2.0,2015.0,2015.0,https://www.linkedin.com/company/nocks/,https://www.linkedin.com/company/nocks/
Mercatox,1.0,2.0,2016.0,2016.0,https://medium.com/@LockChainCo/loc-token-listed-on-uk-based-exchange-mercatox-9590f6e46363,https://en.bitcoinwiki.org/wiki/Mercatox
Luno,1.0,2.0,2013.0,2013.0,https://www.linkedin.com/company/lunomoney/,https://www.google.com/url?sa=t&rct=j&q=&esrc=s&source=web&cd=6&ved=2ahUKEwjwivzyp83fAhWnhFQKHSTbAFAQFjAFegQIZhAB&url=https%3A%2F%2Fwww.crunchbase.com%2Forganization%2Flunomoney&usg=AOvVaw1Dy7vk0AjQ3MZCjHWRNbbw
Liqui,1.0,2.0,2016.0,2016.0,https://liqui.io/About,https://liqui.io/About
Lbank,1.0,2.0,2016.0,2016.0,https://lbankinfo.zendesk.com/hc/zh-cn,https://list.wiki/LBank
Lakebtc,1.0,2.0,2013.0,2013.0,https://www.lakebtc.com/s/about,https://www.lakebtc.com/s/about
Kyber-Network,1.0,2.0,2017.0,2017.0,https://www.crunchbase.com/organization/kyber-network#section-overview,https://www.crunchbase.com/organization/kyber-network#section-overview
Kucoin,1.0,2.0,2013.0,2013.0,https://www.crunchbase.com/organization/kucoin#section-overview,https://www.crunchbase.com/organization/kucoin#section-overview
Kryptono,1.0,2.0,2018.0,2018.0,https://www.coingecko.com/en/exchanges/kryptono,https://www.linkedin.com/company/kryptonoexchange/
Kraken,1.0,2.0,2011.0,2011.0,https://www.kraken.com/en-us/about,https://www.kraken.com/en-us/about
Koinex,1.0,2.0,2017.0,2017.0,https://inc42.com/startups/after-launching-loop-koinex-explores-other-blockchain-solutions/,https://www.forexbrokerz.com/brokers/koinex-review
Indodax,1.0,2.0,2013.0,2013.0,https://sg.news.yahoo.com/indonesian-cryptocurrency-startup-bitcoin-co-id-rebrands-now-035255235.html,https://sg.news.yahoo.com/indonesian-cryptocurrency-startup-bitcoin-co-id-rebrands-now-035255235.html
Independent-Reserve,1.0,2.0,2013.0,2013.0,https://www.independentreserve.com/about,https://www.linkedin.com/company/independent-reserve/
Idex,1.0,2.0,2017.0,2017.0,https://idex.market/static/IDEX-Whitepaper-V0.7.5.pdf,https://coincentral.com/alex-wearn-idex-ceo-on-aurora-advancements/
Idax,1.0,2.0,2017.0,2017.0,https://foundico.com/exchange/idax.html,https://foundico.com/exchange/idax.html
Huobi,1.0,2.0,2013.0,2013.0,https://en.wikipedia.org/wiki/Huobi,en.m.wikipedia.org
Hbus,1.0,2.0,2018.0,2018.0,https://www.crunchbase.com/organization/hbus#section-overview,https://www.crunchbase.com/organization/hbus#section-overview
Gemini,1.0,2.0,2015.0,2015.0,https://en.wikipedia.org/wiki/Gemini_(company),https://www.linkedin.com/company/geminitrust/
Gdac,1.0,2.0,2018.0,2018.0,https://www.coingecko.com/en/exchanges/gdac,https://medium.com/@hacken/the-korean-trade-volume-manipulations-by-coinbit-and-gdac-e0e68bbbea5d
Gatehub,1.0,2.0,2014.0,2014.0,https://gatehub.net/gateways,https://www.crunchbase.com/organization/gatehub
Gatecoin,1.0,2.0,2013.0,2013.0,https://gatecoin.com/about,https://gatecoin.com/about
Gate-Io,1.0,2.0,2017.0,2017.0,https://neironix.io/exchanges/gate_io,blockonomi.com
Freiexchange,1.0,2.0,2016.0,2016.0,https://www.coingecko.com/en/exchanges/freiexchange,https://freiexchange.com/pages/about
Forkdelta,1.0,2.0,2018.0,2018.0,https://forkdelta.app/about/,https://coinmarketcap.com/rankings/exchanges/2
Fcoin,1.0,2.0,2018.0,2018.0,https://hackernoon.com/the-death-of-fcoin-a-tale-of-bad-token-design-261d64a8116f,https://medium.com/@terry_extrade/what-is-fcoin-and-why-its-important-and-you-should-know-about-it-853d6900aeac
Exmo,1.0,2.0,2013.0,2013.0,https://exmo.com/en/about_us,https://exmo.com/en/about_us
Dragonex,1.0,2.0,2017.0,2017.0,https://www.linkedin.com/company/dragonex-network/,https://www.linkedin.com/company/dragonex-network/
Digifinex,1.0,2.0,2017.0,2017.0,https://www.linkedin.com/company/digifinex/,https://www.digifinex.com/recent
Dextop,1.0,2.0,2018.0,2018.0,https://support.dex.top/hc/en-us/articles/360014138933-Decentralized-Exchange-DEx-top-Acquired-By-Bibox,https://support.dex.top/hc/en-us/articles/360014138933-Decentralized-Exchange-DEx-top-Acquired-By-Bibox
Cryptopia,1.0,2.0,2014.0,2014.0,https://www.linkedin.com/company/cryptopia-limited/,https://www.linkedin.com/company/cryptopia-limited
Cryptomate,1.0,2.0,2014.0,2014.0,https://coinpedia.org/exchange/cryptomate/,https://coinpedia.org/exchange/cryptomate/
Cryptomarket,1.0,2.0,2016.0,2016.0,https://www.crunchbase.com/organization/cryptomkt,https://www.linkedin.com/company/cryptomkt/about/
Cryptobridge,1.0,2.0,2017.0,2017.0,https://www.crunchbase.com/organization/cryptobridge,https://en.m.bitcoinwiki.org/wiki/CryptoBridge
Cryptaldash,1.0,2.0,2017.0,2017.0,https://www.linkedin.com/company/cryptaldash/,https://www.linkedin.com/company/cryptaldash/
Crxzone,1.0,2.0,2014.0,2014.0,https://www.crxzone.com/company,https://www.crxzone.com/company
Crex24,1.0,2.0,2017.0,2017.0,https://www.coingecko.com/en/exchanges/crex24,https://bitcointalk.org/index.php?topic=2101721.0
Coinut,1.0,2.0,2013.0,2013.0,https://www.crunchbase.com/organization/coinut,https://en.bitcoin.it/wiki/Coinut
Coinsquare,1.0,2.0,2014.0,2014.0,https://news.coinsquare.com/digital-currency/coinsquare-founder-virgile-rostand-cryptocurrency/,https://www.linkedin.com/company/coinsquare/
Coinroom,1.0,2.0,2016.0,2016.0,https://coinroom.com/about,https://coinroom.com/about
Coinone,1.0,2.0,2014.0,2014.0,https://craft.co/coinone,https://www.linkedin.com/company/coinone-inc./
Coinnest,1.0,2.0,2017.0,2017.0,https://www.coingecko.com/en/exchanges/coinnest,https://twitter.com/coinnest_info?lang=en
Coinmate,1.0,2.0,2014.0,2014.0,https://cointelegraph.com/news/coinmate,https://www.linkedin.com/company/coinmate/
Coinex,1.0,2.0,2017.0,2017.0,https://www.coinex.com/aboutus?lang=en_US,https://www.coinex.com/aboutus
Coineal,1.0,2.0,2018.0,2018.0,https://www.linkedin.com/company/coineal/,https://www.linkedin.com/company/coineal
Coindeal,1.0,2.0,2018.0,2018.0,https://coindeal.com/about-us,https://coindeal.com/about-us
Coincheck,1.0,2.0,2012.0,2012.0,https://corporate.coincheck.com/,https://www.linkedin.com/company/coincheck/
Coinbit,1.0,2.0,2018.0,2018.0,http://crypto.marketswiki.com/index.php?title=Coinbit,http://crypto.marketswiki.com/index.php?title=Coinbit
Coinbase-Pro,1.0,2.0,2012.0,2012.0,https://en.wikipedia.org/wiki/Coinbase,https://www.coinbase.com/about
Cobinhood,1.0,2.0,2017.0,2017.0,https://www.bloomberg.com/research/stocks/private/snapshot.asp?privcapId=537207720,https://www.bloomberg.com/research/stocks/private/snapshot.asp?privcapId=537207720
Chaoex,1.0,2.0,2017.0,2017.0,https://globenewswire.com/news-release/2018/08/09/1549390/0/en/CHAOEX-First-Anniversary-New-Opportunity-Drives-Big-Progress.html,https://www.linkedin.com/company/chaoex/
Cex-Io,1.0,2.0,2013.0,2013.0,https://cex.io/about,https://www.linkedin.com/company/cex-io/
Buda,1.0,2.0,2015.0,2015.0,https://www.linkedin.com/company/budapuntocom/,https://es.wikipedia.org/wiki/Buda.com
Btcturk,1.0,2.0,2013.0,2013.0,https://blockchainbiome.com/btcturk/,https://www.btctrader.com/Content/BTCTrader_Summary.pdf
Btcc,1.0,2.0,2011.0,2011.0,https://en.wikipedia.org/wiki/BTCC_(company),https://www.linkedin.com/company/yourbtcc/
Btcbox,1.0,2.0,2014.0,2014.0,https://www.bloomberg.com/research/stocks/private/snapshot.asp?privcapid=292552407,https://www.bloomberg.com/research/stocks/private/snapshot.asp?privcapid=292552407
Btc-Trade-Ua,1.0,2.0,2014.0,2014.0,https://www.forexbrokerz.com/brokers/btc-trade-ua-review,
Btc-Alpha,1.0,2.0,2016.0,2016.0,https://beta.companieshouse.gov.uk/company/09951778,https://beta.companieshouse.gov.uk/company/09951778
Braziliex,1.0,2.0,2017.0,2017.0,https://www.coingecko.com/en/exchanges/braziliex,https://www.linkedin.com/company/braziliex/
Bleutrade,1.0,2.0,2014.0,2014.0,https://www.linkedin.com/company/bleutrade/,https://en.m.bitcoinwiki.org/wiki/Bleutrade
Bittylicious,1.0,2.0,2013.0,2013.0,https://en.bitcoin.it/wiki/Bittylicious,https://www.financemagnates.com/cryptocurrency/education-centre/bittylicious-bringing-bitcoins-to-the-uk/
Bitstamp-Ripple-Gateway,1.0,2.0,2011.0,2011.0,https://www.bitstamp.net/about_us/,https://www.linkedin.com/company/bitstamp/
Bitstamp,1.0,2.0,2011.0,2011.0,https://en.wikipedia.org/wiki/Bitstamp,https://www.linkedin.com/company/bitstamp/
Bitsane,1.0,2.0,2016.0,2016.0,https://www.linkedin.com/company/bitsanecom/,https://bitsane.com/
Bitrue,1.0,2.0,2018.0,2018.0,https://cryptocoinspy.com/bitrue-exchange-launches-with-ripple-xrp-as-base-currency/,https://www.linkedin.com/company/bitrue/
Bitonic,1.0,2.0,2012.0,2012.0,https://bitonic.nl/en/over-ons,https://bitonic.nl/en/over-ons
Bitmex,1.0,2.0,2014.0,2014.0,https://news.bitcoin.com/bitmex-co-founder-is-the-youngest-british-self-made-billionaire/,https://www.linkedin.com/company/bitmex/
Bitmart,1.0,2.0,2017.0,2017.0,https://www.linkedin.com/company/bitmart/,https://www.linkedin.com/company/bitmart/
Bitmarket,1.0,2.0,2014.0,2014.0,https://www.bitmarket.net/docs.php?file=about.html,https://www.bitmarket.net/docs.php?file=about.html
Bitkub,1.0,2.0,2018.0,2018.0,https://www.crunchbase.com/organization/bitkub-com,https://www.linkedin.com/company/bitkub/
Bitinka,1.0,2.0,2013.0,2013.0,https://www.crunchbase.com/organization/bitinka#section-past-team,https://www.linkedin.com/company/bitinka
Bithumb,1.0,2.0,2013.0,2013.0,https://www.worldcryptoindex.com/bithumb/,https://www.worldcryptoindex.com/bithumb/
Bithesap,1.0,2.0,2017.0,2017.0,https://www.linkedin.com/company/bithesap/,https://www.linkedin.com/company/bithesap/
Bitfinex,1.0,2.0,2012.0,2012.0,https://www.bitfinex.com/about,https://www.linkedin.com/company/bitfinex/
Bitex-La,1.0,2.0,2014.0,2014.0,https://www.crunchbase.com/organization/bitex-la,https://bitcoinmagazine.com/articles/bitex-la-opens-bitcoin-branches-argentina-chile-1430515095/
Bitcointrade,1.0,2.0,2017.0,2017.0,https://www.linkedin.com/company/bitcointrade/,https://www.linkedin.com/company/bitcointrade/
Bitcointoyou,1.0,2.0,2010.0,2010.0,https://coinpedia.org/exchange/bitcointoyou/,https://www.linkedin.com/company/bitcointoyou/
Bitbns,1.0,2.0,2017.0,2017.0,https://www.linkedin.com/company/bitbnsinc/,https://bitbns.com/about-us/
Bitbank,1.0,2.0,2014.0,2014.0,https://bitbank.cc/about/corporate/,https://bitbank.cc/about/corporate/
Bit-Z,1.0,2.0,2016.0,2016.0,https://medium.com/@Bit_z.com/bit-z-ecology-406636d0293d,https://www.bit-z.com/safety
Binance,1.0,2.0,2017.0,2017.0,https://en.wikipedia.org/wiki/Binance,https://www.crunchbase.com/organization/binance#section-overview
Bigone,1.0,2.0,2017.0,2017.0,https://www.bestbitcoinexchange.io/exchanges/bigone-crypto-exchanges/,https://bigone.zendesk.com/hc/en-us/articles/115002950193-BigONE-will-formally-launch-on-November-1-2017
Bgogo,1.0,2.0,2017.0,2017.0,https://www.linkedin.com/company/bgogo-crypto-exchange/,https://crushcrypto.com/bgogo-ico-review/
Barterdex,1.0,2.0,2014.0,2014.0,https://www.linkedin.com/company/komodo-platform/,https://www.linkedin.com/company/komodo-platform/
Bancor-Network,1.0,2.0,2016.0,2016.0,https://www.linkedin.com/company/bancor-foundation/,https://www.linkedin.com/company/bancor-foundation/
Allbit,1.0,2.0,2018.0,2018.0,https://www.coingecko.com/en/exchanges/allbit,https://www.cryptowisser.com/exchange/allbit/
Aidos-Market,1.0,2.0,2017.0,2017.0,https://www.coinspeaker.com/crypto-transparency-aidos-adk-in-first-of-its-kind-free-share-offer-to-exchanges/,https://www.coinspeaker.com/crypto-transparency-aidos-adk-in-first-of-its-kind-free-share-offer-to-exchanges/
Acx,1.0,2.0,2013.0,2013.0,https://support.acx.io/hc/en-us/articles/360006879713-Contact,https://acx.io/
Zbg,1.0,1.0,2018.0,2018.0,https://www.coingecko.com/en/exchanges/zbg,https://www.zbg.com/
Zaif,1.0,1.0,2014.0,2014.0,https://www.zdnet.com/article/zaif-cryptocurrency-exchange-loses-60-million-in-july-hack/,https://www.whois.com/whois/zaif.jp
Yunex,1.0,1.0,2018.0,2018.0,https://www.coingecko.com/en/exchanges/yunex,https://www.coingecko.com/en/coins/yunex-yun-token/historical_data/xag?end_date=2019-01-01&start_date=2018-01-01#panel
Wazirx,1.0,1.0,2018.0,2018.0,https://www.google.com/search?q=wazirx+founded&oq=wazirx+founded&aqs=chrome..69i57.9364j1j4&sourceid=chrome&ie=UTF-8,https://www.investfeed.com/article/76124/wazirx-bitcoin-exchange-india-wrx-nischal-shetty-crowdire-founder/
Waves-Dex,1.0,1.0,2016.0,2016.0,https://wavesplatform.com/company,https://www.coindesk.com/waves-crypto-exchange-bitcoin
Trade-Io,1.0,1.0,2017.0,2017.0,https://www.crunchbase.com/organization/trade-io,https://www.linkedin.com/company/trade-io/
Topbtc,1.0,1.0,2016.0,2016.0,https://en.bitcoinwiki.org/wiki/Exchange_TOPBTC.COM,https://en.bitcoinwiki.org/wiki/Exchange_TOPBTC.COM
Tokenomy,1.0,1.0,2018.0,2018.0,https://www.linkedin.com/company/tokenomy/,https://icorating.com/ico/tokenomy/
Token-Store,1.0,1.0,2017.0,2017.0,https://bitcoinist.com/icobox-token-store-launches-with-two-exclusive-ico-discounts/,https://bitcointalk.org/index.php?topic=2186186.0
Tidex,1.0,1.0,2017.0,2017.0,https://blockonomi.com/tidex-review/,https://www.fxempire.com/crypto/exchange/tidex/review
Switcheo,1.0,1.0,2017.0,2017.0,https://www.crunchbase.com/organization/switcheo-network,https://www.linkedin.com/company/switcheonetwork/
Stronghold,1.0,1.0,2017.0,2017.0,https://www.linkedin.com/company/strongholdxchg/,https://www.linkedin.com/company/strongholdxchg/
Rudex,1.0,1.0,2017.0,2017.0,http://affgadgets.com/rudex,https://icorating.com/exchanges/rudex/
Otcbtc,1.0,1.0,2017.0,2017.0,https://otcbtc.com/uploads/v3.0-en.pdf,https://www.crunchbase.com/organization/otcbtc#section-overview
Novaexchange,1.0,1.0,2016.0,2016.0,https://www.google.com/search?ei=4bMqXN7mBZKyggeE55LQBA&q=nova+exchange+founded&oq=nova+exchange+founded&gs_l=psy-ab.3...2017.9761..10887...0.0..0.251.905.6j1j1......0....1..gws-wiz.......0j0i71j0i67j0i22i30j0i22i10i30j33i160.64P7Rv9B7_c,https://www.whois.com/whois/novaexchange.com
Neraexpro,1.0,1.0,2017.0,2017.0,https://www.coingecko.com/en/exchanges/neraex,https://www.coingecko.com/en/exchanges/neraex
Mbaex,1.0,1.0,2016.0,2016.0,https://www.linkedin.com/company/mbaex-online-pte-ltd/,https://www.linkedin.com/company/mbaex-online-pte-ltd/
Localtrade,1.0,1.0,2018.0,2018.0,https://suite.endole.co.uk/insight/company/11639812-localtrade-group-ltd,http://whois.domaintools.com/localtrade.cc
Liquid,1.0,1.0,2014.0,2014.0,https://www.liquid.com/company/,https://www.liquid.com/company/
Korbit,1.0,1.0,2013.0,2013.0,https://www.crunchbase.com/organization/korbit#section-overview,https://www.linkedin.com/company/korbit-inc/
Koinim,1.0,1.0,2013.0,2013.0,https://koinim.com/,https://www.ventureradar.com/organisation/Koinim/c691fde0-3862-4af6-a832-1bc5b14235ce
Itbit,1.0,1.0,2012.0,2012.0,https://www.itbit.com/about-itbit,https://www.bloomberg.com/research/stocks/private/snapshot.asp?privcapId=250364861
Instant-Bitex,1.0,1.0,2018.0,2018.0,https://instantbitex.com/aboutus,https://bitcoinexchangeguide.com/instant-bitex/
Infinitycoin-Exchange,1.0,1.0,2017.0,2017.0,https://web.infinity-economics.org/what-is-infinity-economics/,https://infinitycoin.exchange/about
Idcm,1.0,1.0,2017.0,2017.0,https://neironix.io/exchanges/idcm,https://www.idcm.io/about
Hotbit,1.0,1.0,2017.0,2017.0,https://www.linkedin.com/company/hotbit-infotech-pvt-ltd/,https://bitcoinexchangeguide.com/hotbit/
Hitbtc,1.0,1.0,2013.0,2013.0,https://en.bitcoin.it/wiki/HitBTC,https://www.crunchbase.com/organization/hitbtc
Guldentrader,1.0,1.0,2016.0,2016.0,https://www.google.com/search?ei=7WkqXPayOtOs0PEPtNaS2Aw&q=guldentrader+company+profile&oq=guldentrader+company+profile&gs_l=psy-ab.12..33i160.22321.35280..38213...1.0..0.107.1488.18j1....3..0....1..gws-wiz.......0i71j33i299.SpmSOVig-Ao,https://www.linkedin.com/company/guldentrader.com/
Dobitrade,1.0,1.0,2016.0,2016.0,https://www.linkedin.com/company/dobitrade-exchange/about/,https://www.linkedin.com/company/dobitrade-exchange/
Cryptonex,1.0,1.0,2017.0,2017.0,https://www.linkedin.com/company/cryptonex/,https://cryptonex.org/
Cryptology,1.0,1.0,2017.0,2017.0,https://www.linkedin.com/company/cryptologyexchange/,https://www.linkedin.com/company/cryptologyexchange/
Cointiger,1.0,1.0,2017.0,2017.0,https://www.cointiger.com/en-us/#/index,https://support.cointiger.one/hc/en-us/articles/360010817533-CoinTiger-Equity-Granted-to-TigerCash-TCH-Holders
Coinrail,1.0,1.0,2017.0,2017.0,https://blog.enjincoin.io/coinspot-qryptos-cobinhood-and-coinrail-list-enjin-coin-9ff9f9a7e52e,https://blog.enjincoin.io/coinspot-qryptos-cobinhood-and-coinrail-list-enjin-coin-9ff9f9a7e52e
Coincorner,1.0,1.0,2014.0,2014.0,https://www.crunchbase.com/organization/coincorner,https://coinmarketcap.com/rankings/exchanges/2
Coinbe,1.0,1.0,2017.0,2017.0,https://coinbe.net/,https://coinbe.net/
Coinall,1.0,1.0,2014.0,2014.0,https://www.coinall.com/,https://www.coingecko.com/en/exchanges/coinall
C-Cex,1.0,1.0,2014.0,2014.0,https://coinclarity.com/exchange/c-cex/,https://twitter.com/CryptoCurrEncyX?ref_src=twsrc%5Etfw%7Ctwcamp%5Eembeddedtimeline%7Ctwterm%5Eprofile%3ACryptoCurrEncyX%7Ctwgr%5E363937393b70726f64756374696f6e&ref_url=https%3A%2F%2Fc-cex.com%2F
Bitso,1.0,1.0,2014.0,2014.0,https://www.linkedin.com/company/bitso-sapi-de-cv/,https://www.crunchbase.com/organization/bitso#section-overview
Bitlish,1.0,1.0,2015.0,2015.0,https://www.linkedin.com/company/bitlish/,https://en.bitcoin.it/wiki/Bitlish
Bitibu,1.0,1.0,2018.0,2018.0,https://www.coingecko.com/en/exchanges/bitibu,https://www.coingecko.com/en/exchanges/bitibu
Bitebtc,1.0,1.0,2017.0,2017.0,https://www.crunchbase.com/organization/bitebtc,https://www.crunchbase.com/organization/bitebtc
Bcex,1.0,1.0,2017.0,2017.0,https://www.crocosource.com/exchanges/bcex/,https://www.crocosource.com/exchanges/bcex/
Abcc,1.0,1.0,2018.0,2018.0,https://www.cryptoninjas.net/2018/09/07/abcc-cryptocurrency-exchange-overview/,https://coingape.com/abcc-exchange-review/
Zb-Com,1.0,0.0,2017.0,2017.0,http://crypto.marketswiki.com/index.php?title=ZB.com,https://www.fxempire.com/crypto/exchange/zb/review
Triple-Dice-Exchange,1.0,0.0,2013.0,2013.0,https://twitter.com/t_d_exchange?lang=en,https://twitter.com/t_d_exchange_jp?lang=en
Rfinex,1.0,0.0,2018.0,2018.0,https://twitter.com/rfinex_exchange?lang=en,https://rfinex.zendesk.com/hc/en-us/articles/360011221331-Rfinex-Starts-Trading-TBA-Announcement
Latoken,1.0,0.0,2017.0,2017.0,https://en.m.bitcoinwiki.org/wiki/LAToken,https://www.crunchbase.com/organization/latoken#section-funding-rounds
Heat-Wallet,1.0,0.0,2016.0,2016.0,http://heatledger.net/index.php?topic=2.0,https://bitcoinist.com/blockchain-heat-ledger-project/
Graviex,1.0,0.0,2017.0,2017.0,https://bitcointalk.org/index.php?topic=2352780.0,https://www.cryptocompare.com/exchanges/graviex/overview
Allcoin,1.0,0.0,2013.0,2013.0,https://www.abitgreedy.com/allcoin/,https://coinpedia.org/exchange/allcoin/
Zebpay,0.0,2.0,-2.0,2014.0,Review the cryptocurrency exchange company listed on the website and find out when it was founded. Provide a link of where you found the information.,
Therocktrading,0.0,2.0,2007.0,2010.0,https://www.therocktrading.com/news/463,https://www.therocktrading.com/
Sistemkoin,0.0,2.0,2017.0,2009.0,https://www.coingecko.com/en/exchanges/sistemkoin,https://sistemkoin.com/#/overview
Ripplefox,0.0,2.0,0.0,2014.0,,https://ripplefox.com/
Rightbtc,0.0,2.0,2014.0,2016.0,https://cryptowiki.com/RightBTC,https://www.linkedin.com/company/rightbtc/
P2Pb2B,0.0,2.0,2014.0,2016.0,https://p2pb2b.io/,https://suite.endole.co.uk/insight/company/10208220-p2pb2b-limited
Ooobtc,0.0,2.0,2017.0,2018.0,https://neironix.io/exchanges/ooobtc,https://0oobtc.com.cutestat.com/
Oex,0.0,2.0,2017.0,2013.0,https://www.linkedin.com/company/oex-international-pte-ltd/,https://www.oex.com/
Nanex,0.0,2.0,0.0,2000.0,,https://en.m.wikipedia.org/wiki/Nanex
Lykke-Exchange,0.0,2.0,2015.0,2013.0,https://www.lykke.com/company,https://www.linkedin.com/company/lykke/
Livecoin,0.0,2.0,2013.0,2015.0,http://www.bestbitcoinexchange.net/en/livecoin-net/,https://blockchainindustrygroup.org/the-livecoin-cryptocurrency-exchange-with-ivona-zlatova/
Litebit,0.0,2.0,2011.0,2013.0,https://www.cnbc.com/2017/12/20/litecoin-founder-charlie-lee-sells-his-holdings-in-the-cryptocurrency.html,en.bitcoinwiki.org/wiki/LiteBit
Kuna,0.0,2.0,2009.0,2016.0,https://foundico.com/exchange/kuna-exchange.html,https://coinmarketcap.com/rankings/exchanges/2
Gopax,0.0,2.0,0.0,2017.0,,http://www.koreaherald.com/view.php?ud=20180522000102
Gbx-Digital-Asset-Exchange,0.0,2.0,2018.0,2017.0,https://gbx.gi/token-sales/,https://www.linkedin.com/company/gibraltar-blockchain-exchange/
Fisco,0.0,2.0,1994.0,2016.0,https://www.bloomberg.com/research/stocks/private/snapshot.asp?privcapId=170920,https://coinmarketcap.com/rankings/exchanges/3
Ezbtc,0.0,2.0,2011.0,2016.0,https://www.facebook.com/pg/ezbtc/about/,https://www.linkedin.com/company/ezbtc-ca/
Exrates,0.0,2.0,2017.0,2016.0,https://www.coingecko.com/en/exchanges/exrates,https://www.linkedin.com/company/exrates-exchange/
Cpdax,0.0,2.0,2017.0,2014.0,https://www.cryptowisser.com/exchange/cpdax/,https://www.coinplug.com/
Coinzest,0.0,2.0,2018.0,2017.0,https://www.coingecko.com/en/exchanges/coinzest,https://www.whois.com/whois/coinzest.co.kr
Coinsuper,0.0,2.0,2017.0,2018.0,https://www.crunchbase.com/organization/coinsuper#section-overview,https://coinmarketcap.com/rankings/exchanges/
Coinsbank,0.0,2.0,2016.0,2013.0,https://www.crunchbase.com/organization/coinsbank,https://www.linkedin.com/company/coinsbank/
Coinhub,0.0,2.0,2013.0,2017.0,https://www.crunchbase.com/organization/coinhub,https://www.coinhub.io/en/about
Coingi,0.0,2.0,2009.0,2016.0,https://bitcoinexchangeguide.com/coingi/,https://coingi.com/news/201609151145-the-launch-date-of-the-service-is-closer-than-you-think
Coinfloor,0.0,2.0,2013.0,2012.0,https://www.linkedin.com/company/coinfloor-limited/,https://coinfloor.co.uk/about-us
Coinegg,0.0,2.0,2015.0,2017.0,https://www.coinegg.com/cms/view?id=971.html,https://cryptowiki.com/CoinEgg
Bytex,0.0,2.0,2018.0,1980.0,https://bytexsupport.zendesk.com/hc/en-us/articles/360003460752-Q-%EC%88%98%EC%88%98%EB%A3%8C-%EC%A0%95%EC%B1%85,https://www.bloomberg.com/research/stocks/private/snapshot.asp?privcapId=25905
Btctrade-Im,0.0,2.0,2017.0,2013.0,,https://digiconomist.net/exchange-review-btc-trade
Bittrex,0.0,2.0,2013.0,2014.0,https://en.wikipedia.org/wiki/Bittrex,https://bittrex.zendesk.com/hc/en-us/articles/115003684411-ABOUT-US
Bitshares-Asset-Exchange,0.0,2.0,2015.0,2011.0,https://coinclarity.com/exchange/bitshares-asset-exchange/,https://coinclarity.com/exchange/bitshares-asset-exchange/
Bitmax,0.0,2.0,1998.0,2018.0,https://www.linkedin.com/company/bitmax/,https://bitmax.io/static/whitePaper_EN.pdf
Bitflyer,0.0,2.0,2016.0,2014.0,https://bitflyer.com/en-us/aboutus,https://www.linkedin.com/company/bitflyer-inc-/
Bitbox,0.0,2.0,2018.0,2012.0,https://bitcoinmagazine.com/articles/lines-cryptocurrency-exchange-bitbox-now-open-business/,https://en.bitcoinwiki.org/wiki/BitBox
Bisq,0.0,2.0,2009.0,2014.0,,https://www.forexbrokerz.com/brokers/bisq-review
Bibox,0.0,2.0,2012.0,2017.0,https://www.crunchbase.com/organization/bibox,https://www.google.com/search?rlz=1C1NDCM_enUS810US810&ei=9q4rXMKnIqyD5wKgs7TgDg&q=WHEN+WAS+Bibox+FOUNDED&oq=WHEN+WAS+Bibox+FOUNDED&gs_l=psy-ab.3...94859.96804..97113...0.0..0.91.173.2......0....1j2..gws-wiz.......0i71.DmdA3fi0Wfo
Bcoin-Sg,0.0,2.0,2018.0,2017.0,https://www.bcoin.sg/footer/aboutContent/aboutList,https://www.linkedin.com/company/bcoinsg/
Airswap,0.0,2.0,2018.0,2017.0,https://www.linkedin.com/company/fluidityio/,https://www.linkedin.com/company/airswap/
Yobit,0.0,1.0,2014.0,2009.0,https://en.m.bitcoinwiki.org/wiki/Yobit,https://yobit.net/en/faq/
Vebitcoin,0.0,1.0,2011.0,2017.0,https://icorating.com/exchanges/vebitcoin/,https://coinmarketcap.com/rankings/exchanges/
Tdax,0.0,1.0,2017.0,2.0,https://www.cryptocompare.com/exchanges/tdax/overview,https://twitter.com/search?q=TDAXOfficial
Stellar-Decentralized-Exchange,0.0,1.0,2014.0,0.0,https://en.wikipedia.org/wiki/Stellar_(payment_network),
Southxchange,0.0,1.0,2015.0,2012.0,https://www.coingecko.com/en/exchanges/south_xchange,https://www.southxchange.com/Home/About
Mercado-Bitcoin,0.0,1.0,2018.0,2017.0,https://status.mercadobitcoin.com.br/,https://www.mercadobitcoin.com.br/quem-somos
Koineks,0.0,1.0,2018.0,2017.0,https://koineks.com/,https://www.linkedin.com/company/koineks-teknoloji-a-s
Isx,0.0,1.0,2015.0,2013.0,https://ibf.is/,https://www.marketwatch.com/investing/stock/isx?countrycode=au
Iquant,0.0,1.0,2017.0,2015.0,https://www.coingecko.com/en/price_charts/iquant/usd,https://icobench.com/ico/iquant-chain
Exx,0.0,1.0,2016.0,2008.0,https://www.bloomberg.com/research//stocks/private/snapshot.asp?privcapId=586344183,https://www.exx.com/about
Ethfinex,0.0,1.0,2017.0,2019.0,https://www.linkedin.com/company/ethfinex/,https://coinmarketcap.com/api/?utm_source=cmc&utm_medium=banner&utm_campaign=house
Escodex,0.0,1.0,2018.0,2017.0,https://www.escodex.com/,https://www.escodex.com/
Dsx,0.0,1.0,2013.0,2014.0,https://www.crunchbase.com/organization/dsx-cloud#section-recent-news-activity,https://www.fxempire.com/crypto/exchange/dsx/review
Ddex,0.0,1.0,2017.0,2006.0,https://www.linkedin.com/company/ddex-io/,http://www.ppluk.com/About-Us/News/Driven-by-data-introducing-DDEX/
Coss,0.0,1.0,2018.0,2016.0,,https://en.m.bitcoinwiki.org/wiki/COSS
Coinrate,0.0,1.0,2016.0,2012.0,https://companycheck.co.uk/company/10464449/COINRATE-LTD/companies-house-data,
Coinfalcon,0.0,1.0,2018.0,2017.0,https://coinfalcon.com/about_us,https://www.linkedin.com/company/coinfalcon/
Coinbene,0.0,1.0,2017.0,2018.0,https://www.coingecko.com/en/exchanges/coinbene,https://www.linkedin.com/company/coinbenebrasil/
Cashierest,0.0,1.0,2009.0,2018.0,https://bitcoinexchangeguide.com/korean-crypto-exchange-cashierest-in-trouble-for-shady-price-pumping-for-token-issuance/,https://www.cashierest.com/News/Details/10000341
C2Cx,0.0,1.0,2015.0,1996.0,https://www.linkedin.com/company/c2cx/,
C-Patex,0.0,1.0,2018.0,2017.0,https://bitcointalk.org/index.php?topic=2436673.0,https://steemit.com/embercoin/@officialchartis/embercoin-now-listed-on-c-patex-emb-btc-and-emb-ltc
Btc-Markets,0.0,1.0,2013.0,2018.0,https://bitcoinexchangeguide.com/btc-markets/,https://support.btcmarkets.net/hc/en-us/categories/360000148368-News-and-Announcements
Bitforex,0.0,1.0,2018.0,2015.0,https://support.bitforex.com/hc/en-us/articles/360006989531-About-Bitforex,https://www.bloomberg.com/research//stocks/private/snapshot.asp?privcapId=574178615
Bitbay,0.0,1.0,2014.0,1999.0,https://en.bitcoin.it/wiki/BitBay,
Bit2C,0.0,1.0,2012.0,2017.0,https://in.linkedin.com/company/bit2c,https://coinmarketcap.com/currencies/bitcoin-cash/
Bilaxy,0.0,1.0,2018.0,2016.0,https://twitter.com/Bilaxy_exchange,https://www.tokenmeister.com/directory/exchanges/bilaxy
B2Bx,0.0,1.0,2018.0,2014.0,https://support.b2bx.exchange/en-us,https://www.crunchbase.com/organization/b2bx#section-overview
Uex,0.0,0.0,2016.0,2012.0,https://ca.linkedin.com/company/uex,https://www.google.com/search?authuser=0&ei=krErXKDoE7Ln_QaYtrEQ&q=when+did+uex+digital+currancy+was+founded&oq=when+did+uex+digital+currancy+was+founded&gs_l=psy-ab.3...192878.204514..205944...3.0..0.298.2243.8j11j1......0....1..gws-wiz.kn3IzGQJfKc
Trade-By-Trade,0.0,0.0,1964.0,2017.0,https://wfto.com/about-us/history-wfto/history-fair-trade,
Simex,0.0,0.0,1984.0,2015.0,https://en.wikipedia.org/wiki/Singapore_International_Monetary_Exchange,https://simex.global/en/faq/about
Ripple-China,0.0,0.0,2012.0,2003.0,https://en.wikipedia.org/wiki/Ripple_Labs,http://wg.iripplechina.com/
Oasisdex,0.0,0.0,2018.0,2017.0,https://medium.com/makerdao/announcing-oasis-direct-instantly-transfer-eth-for-mkr-dai-8cccec81688e,https://github.com/OasisDEX/oasis/wiki#network
Negocie-Coins,0.0,0.0,0.0,2013.0,http://www.negociecoins.com.br/,https://www.negociecoins.com.br/depoimentos
Fatbtc,0.0,0.0,2014.0,2017.0,http://affgadgets.com/fatbtc,https://twitter.com/fatbtc
Coinmex,0.0,0.0,2016.0,2018.0,https://coinmex.zendesk.com/hc/en-us/articles/360004643831,https://coinmex.zendesk.com/hc/en-us/articles/360004643831-About-CoinMex
Coinexchange,0.0,0.0,2013.0,2018.0,https://inc42.com/features/cryptocurrency-exchanges-ethereum-bitcoin-india/,https://www.coinexchange.io/about
Bx-Thailand,0.0,0.0,2014.0,2013.0,https://bx.in.th/,https://www.coingecko.com/en/exchanges/bx_thailand
Bits-Blockchain,0.0,0.0,2018.0,2017.0,https://www.coingecko.com/en/ico/datablockchain-io,https://coinclarity.com/exchange/bits-blockchain/
Altcoin-Trader,0.0,0.0,2015.0,2014.0,https://www.altcointrader.co.za/contact-us,https://twitter.com/AltCoinTraderSA
